usage_start_time,usage_end_time,service,sku,usage_amount,usage_unit,cost
2026-03-09 22:00:00 UTC,2026-03-09 23:00:00 UTC,Gemini API,Generate content input token count gemini 2.5 flash short input text,266,requests,7.9e-05
2026-03-09 22:00:00 UTC,2026-03-09 23:00:00 UTC,Gemini API,Generate content output token count gemini 2.5 flash short input text,879,requests,0.002197
2026-03-09 18:00:00 UTC,2026-03-09 19:00:00 UTC,Gemini API,Generate content input token count gemini 2.5 flash short input text,916,requests,0.000274
2026-03-09 18:00:00 UTC,2026-03-09 19:00:00 UTC,Gemini API,Generate content output token count gemini 2.5 flash short input text,3866,requests,0.009665
2026-03-09 15:00:00 UTC,2026-03-09 16:00:00 UTC,Gemini API,Generate content input token count gemini 2.5 flash short input text,251,requests,7.5e-05
2026-03-09 15:00:00 UTC,2026-03-09 16:00:00 UTC,Gemini API,Generate content output token count gemini 2.5 flash short input text,3890,requests,0.009725
2026-03-09 13:00:00 UTC,2026-03-09 14:00:00 UTC,Gemini API,Generate content output token count Gemini 2.5 Pro short output text,5540,requests,0.0554
2026-03-09 13:00:00 UTC,2026-03-09 14:00:00 UTC,Gemini API,Generate content input token count Gemini 2.5 Pro short input text,55365,requests,0.069206
2026-03-06 23:00:00 UTC,2026-03-07 00:00:00 UTC,Gemini API,Generate content output token count Gemini 2.5 Pro short output text,5639,requests,0.05639
2026-03-06 23:00:00 UTC,2026-03-07 00:00:00 UTC,Gemini API,Generate content input token count Gemini 2.5 Pro short input text,1662,requests,0.002077
2026-03-06 23:00:00 UTC,2026-03-07 00:00:00 UTC,Gemini API,Generate content input token count Gemini 2.5 Pro short input text,47213,requests,0.059016
2026-03-06 23:00:00 UTC,2026-03-07 00:00:00 UTC,Gemini API,Generate content output token count Gemini 2.5 Pro short output text,2987,requests,0.02987
2026-03-04 15:00:00 UTC,2026-03-04 16:00:00 UTC,Gemini API,Generate content input token count Gemini 2.5 Pro short input text,7806,requests,0.009757
2026-03-04 15:00:00 UTC,2026-03-04 16:00:00 UTC,Gemini API,Generate content output token count Gemini 2.5 Pro short output text,3520,requests,0.0352
2026-03-04 01:00:00 UTC,2026-03-04 02:00:00 UTC,Gemini API,Generate content cached input token count gemini 2.5 pro short input,4081,requests,0.00051
2026-03-04 01:00:00 UTC,2026-03-04 02:00:00 UTC,Gemini API,Generate content input token count Gemini 2.5 Pro short input text,1957,requests,0.002446
2026-03-04 01:00:00 UTC,2026-03-04 02:00:00 UTC,Gemini API,Generate content output token count Gemini 2.5 Pro short output text,4935,requests,0.04935
2026-03-04 00:00:00 UTC,2026-03-04 01:00:00 UTC,Gemini API,Generate content output token count Gemini 2.5 Pro short output text,5728,requests,0.05728
2026-03-04 00:00:00 UTC,2026-03-04 01:00:00 UTC,Gemini API,Generate content input token count Gemini 2.5 Pro short input text,6038,requests,0.007547
2026-03-02 19:00:00 UTC,2026-03-02 20:00:00 UTC,Gemini API,Generate content input token count Gemini 2.5 Pro short input text,57516,requests,0.071895
2026-03-02 19:00:00 UTC,2026-03-02 20:00:00 UTC,Gemini API,Generate content output token count Gemini 2.5 Pro short output text,3996,requests,0.03996
2026-02-24 21:00:00 UTC,2026-02-24 22:00:00 UTC,Gemini API,Generate content output token count Gemini 2.5 Pro short output text,15843,requests,0.15843
2026-02-24 21:00:00 UTC,2026-02-24 22:00:00 UTC,Gemini API,Generate content input token count Gemini 2.5 Pro short input text,17337,requests,0.021671
2026-02-24 16:00:00 UTC,2026-02-24 17:00:00 UTC,Gemini API,Generate content input token count gemini 2.5 flash short input text,882,requests,0.000264
2026-02-24 16:00:00 UTC,2026-02-24 17:00:00 UTC,Gemini API,Generate content output token count gemini 2.5 flash short input text,11427,requests,0.028567
2026-02-24 16:00:00 UTC,2026-02-24 17:00:00 UTC,Gemini API,Generate content output token count gemini 2.5 flash short input text,20955,requests,0.052387
2026-02-24 16:00:00 UTC,2026-02-24 17:00:00 UTC,Gemini API,Generate content output token count gemini 2.5 flash short input text,11037,requests,0.027592
2026-02-24 16:00:00 UTC,2026-02-24 17:00:00 UTC,Gemini API,Generate content input token count gemini 2.5 flash short input text,3480,requests,0.001044
2026-02-24 16:00:00 UTC,2026-02-24 17:00:00 UTC,Gemini API,Generate content input token count gemini 2.5 flash short input text,1299,requests,0.000389
2026-02-24 15:00:00 UTC,2026-02-24 16:00:00 UTC,Gemini API,Generate content output token count gemini 2.5 flash short input text,14972,requests,0.03743
2026-02-24 15:00:00 UTC,2026-02-24 16:00:00 UTC,Gemini API,Generate content input token count gemini 2.5 flash short input text,1887,requests,0.000566
2026-02-23 15:00:00 UTC,2026-02-23 16:00:00 UTC,Gemini API,Generate content input token count Gemini 2.5 Pro short input text,59624,requests,0.07453
2026-02-23 15:00:00 UTC,2026-02-23 16:00:00 UTC,Gemini API,Generate content output token count Gemini 2.5 Pro short output text,4808,requests,0.04808
2026-02-19 17:00:00 UTC,2026-02-19 18:00:00 UTC,Gemini API,Generate content output token count Gemini 2.5 Pro short output text,4085,requests,0.04085
2026-02-19 17:00:00 UTC,2026-02-19 18:00:00 UTC,Gemini API,Generate content input token count Gemini 2.5 Pro short input text,6494,requests,0.008117
2026-02-19 14:00:00 UTC,2026-02-19 15:00:00 UTC,Gemini API,Generate content cached input token count gemini 2.5 pro short input,4082,requests,0.00051
2026-02-19 14:00:00 UTC,2026-02-19 15:00:00 UTC,Gemini API,Generate content output token count Gemini 2.5 Pro short output text,11493,requests,0.11493
2026-02-19 14:00:00 UTC,2026-02-19 15:00:00 UTC,Gemini API,Generate content input token count Gemini 2.5 Pro short input text,8828,requests,0.011035
2026-02-17 16:00:00 UTC,2026-02-17 17:00:00 UTC,Gemini API,Generate content input token count Gemini 2.5 Pro short input text,52041,requests,0.065051
2026-02-17 16:00:00 UTC,2026-02-17 17:00:00 UTC,Gemini API,Generate content input token count Gemini 2.5 Pro short input text,60864,requests,0.076079
2026-02-17 16:00:00 UTC,2026-02-17 17:00:00 UTC,Gemini API,Generate content output token count Gemini 2.5 Pro short output text,15192,requests,0.15192
2026-02-17 16:00:00 UTC,2026-02-17 17:00:00 UTC,Gemini API,Generate content output token count Gemini 2.5 Pro short output text,4836,requests,0.04836
2026-02-17 16:00:00 UTC,2026-02-17 17:00:00 UTC,Gemini API,Generate content input token count Gemini 2.5 Pro long input text,566282,requests,1.415705
2026-02-17 16:00:00 UTC,2026-02-17 17:00:00 UTC,Gemini API,Generate content output token count Gemini 2.5 Pro long output text,7204,requests,0.10806
2026-02-13 18:00:00 UTC,2026-02-13 19:00:00 UTC,Gemini API,Generate content cached input token count gemini 2.5 pro short input,4078,requests,0.000509
2026-02-13 18:00:00 UTC,2026-02-13 19:00:00 UTC,Gemini API,Generate content output token count Gemini 2.5 Pro short output text,11294,requests,0.11294
2026-02-13 18:00:00 UTC,2026-02-13 19:00:00 UTC,Gemini API,Generate content input token count Gemini 2.5 Pro short input text,5798,requests,0.007247
2026-02-13 17:00:00 UTC,2026-02-13 18:00:00 UTC,Gemini API,Generate content output token count gemini 2.5 flash short input text,8447,requests,0.021117
2026-02-13 17:00:00 UTC,2026-02-13 18:00:00 UTC,Gemini API,Generate content input token count gemini 2.5 flash short input text,5697,requests,0.001708
2026-02-12 15:00:00 UTC,2026-02-12 16:00:00 UTC,Gemini API,Generate content output token count gemini 2.5 flash short input text,4927,requests,0.012317
2026-02-12 15:00:00 UTC,2026-02-12 16:00:00 UTC,Gemini API,Generate content input token count gemini 2.5 flash short input text,604,requests,0.000181
2026-02-12 14:00:00 UTC,2026-02-12 15:00:00 UTC,Gemini API,Generate content output token count gemini 2.5 flash short input text,54397,requests,0.135992
2026-02-12 14:00:00 UTC,2026-02-12 15:00:00 UTC,Gemini API,Generate content input token count gemini 2.5 flash short input text,7208,requests,0.002161
2026-02-11 21:00:00 UTC,2026-02-11 22:00:00 UTC,Gemini API,Generate content input token count gemini 2.5 flash short input text,1278,requests,0.000383
2026-02-11 21:00:00 UTC,2026-02-11 22:00:00 UTC,Gemini API,Generate content output token count gemini 2.5 flash short input text,3195,requests,0.007987
2026-02-11 19:00:00 UTC,2026-02-11 20:00:00 UTC,Gemini API,Generate content input token count gemini 2.5 flash short input text,1665,requests,0.000499
2026-02-11 19:00:00 UTC,2026-02-11 20:00:00 UTC,Gemini API,Generate content output token count gemini 2.5 flash short input text,3844,requests,0.00961
2026-02-10 16:00:00 UTC,2026-02-10 17:00:00 UTC,Gemini API,Generate content output token count Gemini 2.5 Pro short output text,3861,requests,0.03861
2026-02-10 16:00:00 UTC,2026-02-10 17:00:00 UTC,Gemini API,Generate content input token count Gemini 2.5 Pro short input text,7693,requests,0.009616
2026-02-10 15:00:00 UTC,2026-02-10 16:00:00 UTC,Gemini API,Generate content cached input token count gemini 2.5 pro short input,4079,requests,0.000509
2026-02-10 15:00:00 UTC,2026-02-10 16:00:00 UTC,Gemini API,Generate content input token count Gemini 2.5 Pro short input text,86450,requests,0.108062
2026-02-10 15:00:00 UTC,2026-02-10 16:00:00 UTC,Gemini API,Generate content output token count Gemini 2.5 Pro short output text,50449,requests,0.50449
2026-02-10 15:00:00 UTC,2026-02-10 16:00:00 UTC,Gemini API,Generate content input token count Gemini 2.5 Pro short input text,64354,requests,0.080442
2026-02-10 15:00:00 UTC,2026-02-10 16:00:00 UTC,Gemini API,Generate content output token count Gemini 2.5 Pro short output text,20709,requests,0.20709
2026-02-05 23:00:00 UTC,2026-02-06 00:00:00 UTC,Gemini API,Generate content input token count gemini 2.5 flash short input text,5684,requests,0.001705
2026-02-05 23:00:00 UTC,2026-02-06 00:00:00 UTC,Gemini API,Generate content output token count gemini 2.5 flash short input text,8305,requests,0.020762
2026-02-05 23:00:00 UTC,2026-02-06 00:00:00 UTC,Gemini API,Generate content input token count gemini 2.5 flash short input text,18631,requests,0.005589
2026-02-05 23:00:00 UTC,2026-02-06 00:00:00 UTC,Gemini API,Generate content cached input token count gemini 2.5 flash input short text,8159,requests,0.000244
2026-02-05 23:00:00 UTC,2026-02-06 00:00:00 UTC,Gemini API,Generate content output token count gemini 2.5 flash short input text,4204,requests,0.01051
2026-02-05 19:00:00 UTC,2026-02-05 20:00:00 UTC,Gemini API,Generate content output token count gemini 2.5 flash short input text,3478,requests,0.008695
2026-02-05 19:00:00 UTC,2026-02-05 20:00:00 UTC,Gemini API,Generate content input token count gemini 2.5 flash short input text,1966,requests,0.000589
2026-02-05 17:00:00 UTC,2026-02-05 18:00:00 UTC,Gemini API,Generate content input token count gemini 2.5 flash input audio,9143,requests,0.009143
2026-02-05 17:00:00 UTC,2026-02-05 18:00:00 UTC,Gemini API,Generate content cached input token count gemini 2.5 flash input short text,8158,requests,0.000244
2026-02-05 17:00:00 UTC,2026-02-05 18:00:00 UTC,Gemini API,Generate content output token count gemini 2.5 flash short input text,1175,requests,0.002937
2026-02-05 17:00:00 UTC,2026-02-05 18:00:00 UTC,Gemini API,Generate content output token count gemini 2.5 flash short input text,21551,requests,0.053877
2026-02-05 17:00:00 UTC,2026-02-05 18:00:00 UTC,Gemini API,Generate content input token count gemini 2.5 flash short input text,27172,requests,0.008151
2026-02-05 17:00:00 UTC,2026-02-05 18:00:00 UTC,Gemini API,Generate content cached input token count gemini 2.5 flash input short text,4079,requests,0.000122
2026-02-05 16:00:00 UTC,2026-02-05 17:00:00 UTC,Gemini API,Generate content input token count gemini 2.5 flash short input text,16410,requests,0.004923
2026-02-05 16:00:00 UTC,2026-02-05 17:00:00 UTC,Gemini API,Generate content output token count gemini 2.5 flash short input text,6732,requests,0.01683
2026-02-05 16:00:00 UTC,2026-02-05 17:00:00 UTC,Gemini API,Generate content output token count gemini 2.5 flash short input text,3732,requests,0.00933
2026-02-05 16:00:00 UTC,2026-02-05 17:00:00 UTC,Gemini API,Generate content input token count gemini 2.5 flash short input text,1030,requests,0.000309
2026-02-05 16:00:00 UTC,2026-02-05 17:00:00 UTC,Gemini API,Generate content input token count gemini 2.5 flash short input text,951,requests,0.000285
2026-02-05 16:00:00 UTC,2026-02-05 17:00:00 UTC,Gemini API,Generate content output token count gemini 2.5 flash short input text,12656,requests,0.03164
2026-02-05 16:00:00 UTC,2026-02-05 17:00:00 UTC,Gemini API,Generate content input token count gemini 2.5 flash short input text,883,requests,0.000264
2026-02-05 15:00:00 UTC,2026-02-05 16:00:00 UTC,Gemini API,Generate content output token count gemini 2.5 flash short input text,1358,requests,0.003395
2026-02-05 15:00:00 UTC,2026-02-05 16:00:00 UTC,Gemini API,Generate content input token count gemini 2.5 flash short input text,7895,requests,0.002368
2026-02-05 15:00:00 UTC,2026-02-05 16:00:00 UTC,Gemini API,Generate content output token count gemini 2.5 flash short input text,4083,requests,0.010207
2026-02-05 15:00:00 UTC,2026-02-05 16:00:00 UTC,Gemini API,Generate content input token count gemini 2.5 flash short input text,131,requests,3.9e-05
2026-02-04 18:00:00 UTC,2026-02-04 19:00:00 UTC,Gemini API,Generate content output token count gemini 2.5 flash short input text,15033,requests,0.037582
2026-02-04 18:00:00 UTC,2026-02-04 19:00:00 UTC,Gemini API,Generate content input token count gemini 2.5 flash short input text,54094,requests,0.016226
2026-02-04 18:00:00 UTC,2026-02-04 19:00:00 UTC,Gemini API,Generate content cached input token count gemini 2.5 flash input short text,8171,requests,0.000245
2026-02-04 17:00:00 UTC,2026-02-04 18:00:00 UTC,Gemini API,Generate content input token count gemini 2.5 flash short input text,16772,requests,0.005031
2026-02-04 17:00:00 UTC,2026-02-04 18:00:00 UTC,Gemini API,Generate content output token count gemini 2.5 flash short input text,4804,requests,0.01201
2026-02-04 15:00:00 UTC,2026-02-04 16:00:00 UTC,Gemini API,Generate content output token count Gemini 2.5 Pro short output text,15294,requests,0.15294
2026-02-04 15:00:00 UTC,2026-02-04 16:00:00 UTC,Gemini API,Generate content input token count Gemini 2.5 Pro short input text,15239,requests,0.019048
2026-02-04 15:00:00 UTC,2026-02-04 16:00:00 UTC,Gemini API,Generate content cached input token count gemini 2.5 pro short input,4080,requests,0.00051
2026-02-03 23:00:00 UTC,2026-02-04 00:00:00 UTC,Gemini API,Generate content input token count gemini 2.5 flash input audio,5410,requests,0.00541
2026-02-03 23:00:00 UTC,2026-02-04 00:00:00 UTC,Gemini API,Generate content output token count gemini 2.5 flash short input text,8567,requests,0.021417
2026-02-03 23:00:00 UTC,2026-02-04 00:00:00 UTC,Gemini API,Generate content output token count gemini 2.5 flash short input text,2296,requests,0.00574
2026-02-03 23:00:00 UTC,2026-02-04 00:00:00 UTC,Gemini API,Generate content input token count gemini 2.5 flash short input text,16776,requests,0.005032
2026-02-03 21:00:00 UTC,2026-02-03 22:00:00 UTC,Gemini API,Generate content input token count gemini 2.5 flash input audio,24179,requests,0.024179
2026-02-03 21:00:00 UTC,2026-02-03 22:00:00 UTC,Gemini API,Generate content input token count gemini 2.5 flash short input text,4589,requests,0.001376
2026-02-03 21:00:00 UTC,2026-02-03 22:00:00 UTC,Gemini API,Generate content output token count gemini 2.5 flash short input text,18850,requests,0.047125
2026-02-03 21:00:00 UTC,2026-02-03 22:00:00 UTC,Gemini API,Generate content output token count gemini 2.5 flash short input text,6182,requests,0.015455
2026-02-03 21:00:00 UTC,2026-02-03 22:00:00 UTC,Gemini API,Generate content input token count gemini 2.5 flash short input text,17328,requests,0.005198
2026-02-03 21:00:00 UTC,2026-02-03 22:00:00 UTC,Gemini API,Generate content input token count gemini 2.5 flash short input text,13435,requests,0.00403
2026-02-03 21:00:00 UTC,2026-02-03 22:00:00 UTC,Gemini API,Generate content input token count gemini 2.5 flash input audio,6203,requests,0.006203
2026-02-03 21:00:00 UTC,2026-02-03 22:00:00 UTC,Gemini API,Generate content output token count gemini 2.5 flash short input text,16642,requests,0.041605
2026-02-03 21:00:00 UTC,2026-02-03 22:00:00 UTC,Gemini API,Generate content input token count gemini 2.5 flash input audio,34255,requests,0.034255
2026-02-03 20:00:00 UTC,2026-02-03 21:00:00 UTC,Gemini API,Generate content output token count gemini 2.5 flash short input text,7468,requests,0.01867
2026-02-03 20:00:00 UTC,2026-02-03 21:00:00 UTC,Gemini API,Generate content input token count gemini 2.5 flash short input text,15820,requests,0.004746
2026-02-03 19:00:00 UTC,2026-02-03 20:00:00 UTC,Gemini API,Generate content input token count gemini 2.5 flash short input text,37576,requests,0.011272
2026-02-03 19:00:00 UTC,2026-02-03 20:00:00 UTC,Gemini API,Generate content output token count gemini 2.5 flash short input text,6465,requests,0.016162
2026-02-03 19:00:00 UTC,2026-02-03 20:00:00 UTC,Gemini API,Generate content input token count gemini 2.5 flash short input text,8534,requests,0.00256
2026-02-03 19:00:00 UTC,2026-02-03 20:00:00 UTC,Gemini API,Generate content output token count gemini 2.5 flash short input text,16744,requests,0.04186
2026-02-03 17:00:00 UTC,2026-02-03 18:00:00 UTC,Gemini API,Generate content output token count gemini 2.5 flash short input text,5372,requests,0.01343
2026-02-03 17:00:00 UTC,2026-02-03 18:00:00 UTC,Gemini API,Generate content input token count gemini 2.5 flash short input text,7428,requests,0.002228
2026-02-03 16:00:00 UTC,2026-02-03 17:00:00 UTC,Gemini API,Generate content input token count gemini 2.5 flash short input text,15037,requests,0.00451
2026-02-03 16:00:00 UTC,2026-02-03 17:00:00 UTC,Gemini API,Generate content cached input token count gemini 2.5 flash input short text,13258,requests,0.000397
2026-02-03 16:00:00 UTC,2026-02-03 17:00:00 UTC,Gemini API,Generate content input token count gemini 2.5 flash short input text,15256,requests,0.004576
2026-02-03 16:00:00 UTC,2026-02-03 17:00:00 UTC,Gemini API,Generate content output token count gemini 2.5 flash short input text,15192,requests,0.037979
2026-02-03 16:00:00 UTC,2026-02-03 17:00:00 UTC,Gemini API,Generate content cached input token count gemini 2.5 flash input short text,10198,requests,0.000305
2026-02-03 16:00:00 UTC,2026-02-03 17:00:00 UTC,Gemini API,Generate content output token count gemini 2.5 flash short input text,8171,requests,0.020427
2026-02-03 16:00:00 UTC,2026-02-03 17:00:00 UTC,Gemini API,Generate content input token count gemini 2.5 flash short input text,18208,requests,0.005462
2026-02-03 16:00:00 UTC,2026-02-03 17:00:00 UTC,Gemini API,Generate content output token count gemini 2.5 flash short input text,1380,requests,0.00345
2026-02-03 15:00:00 UTC,2026-02-03 16:00:00 UTC,Gemini API,Generate content output token count gemini 2.5 flash short input text,196,requests,0.00049
2026-02-03 15:00:00 UTC,2026-02-03 16:00:00 UTC,Gemini API,Generate content output token count gemini 2.5 flash short input text,496,requests,0.00124
2026-02-03 15:00:00 UTC,2026-02-03 16:00:00 UTC,Gemini API,Generate content input token count gemini 2.5 flash short input text,254,requests,7.6e-05
2026-02-02 22:00:00 UTC,2026-02-02 23:00:00 UTC,Gemini API,Generate content input token count gemini 2.5 flash short input text,86,requests,2.5e-05
2026-02-02 22:00:00 UTC,2026-02-02 23:00:00 UTC,Gemini API,Generate content output token count gemini 2.5 flash short input text,117,requests,0.000292
2026-02-02 15:00:00 UTC,2026-02-02 16:00:00 UTC,Gemini API,Generate content output token count Gemini 2.5 Pro short output text,4987,requests,0.04987
2026-02-02 15:00:00 UTC,2026-02-02 16:00:00 UTC,Gemini API,Generate content input token count Gemini 2.5 Pro short input text,63165,requests,0.078956
2026-01-28 15:00:00 UTC,2026-01-28 16:00:00 UTC,Gemini API,Generate content output token count Gemini 2.5 Pro short output text,11142,requests,0.11142
2026-01-28 15:00:00 UTC,2026-01-28 16:00:00 UTC,Gemini API,Generate content input token count Gemini 2.5 Pro short input text,11703,requests,0.014628
2026-01-28 15:00:00 UTC,2026-01-28 16:00:00 UTC,Gemini API,Generate content output token count Gemini 2.5 Pro short output text,8675,requests,0.08675
2026-01-28 15:00:00 UTC,2026-01-28 16:00:00 UTC,Gemini API,Generate content input token count Gemini 2.5 Pro short input text,6195,requests,0.007743
2026-01-28 15:00:00 UTC,2026-01-28 16:00:00 UTC,Gemini API,Generate content cached input token count gemini 2.5 pro short input,4079,requests,0.000509
2026-01-27 14:00:00 UTC,2026-01-27 15:00:00 UTC,Gemini API,Generate content output token count Gemini 2.5 Pro short output text,5896,requests,0.05896
2026-01-27 14:00:00 UTC,2026-01-27 15:00:00 UTC,Gemini API,Generate content input token count Gemini 2.5 Pro short input text,59926,requests,0.074907
2026-01-21 15:00:00 UTC,2026-01-21 16:00:00 UTC,Gemini API,Generate content input token count Gemini 2.5 Pro short input text,7088,requests,0.00886
2026-01-21 15:00:00 UTC,2026-01-21 16:00:00 UTC,Gemini API,Generate content cached input token count gemini 2.5 pro short input,4080,requests,0.00051
2026-01-21 15:00:00 UTC,2026-01-21 16:00:00 UTC,Gemini API,Generate content output token count Gemini 2.5 Pro short output text,12238,requests,0.12238
2026-01-20 20:00:00 UTC,2026-01-20 21:00:00 UTC,Gemini API,Generate content output token count Gemini 2.5 Pro short output text,16133,requests,0.16133
2026-01-20 20:00:00 UTC,2026-01-20 21:00:00 UTC,Gemini API,Generate content cached input token count gemini 2.5 pro short input,4079,requests,0.000509
2026-01-20 20:00:00 UTC,2026-01-20 21:00:00 UTC,Gemini API,Generate content cached input token count gemini 2.5 pro short input,8158,requests,0.001019
2026-01-20 20:00:00 UTC,2026-01-20 21:00:00 UTC,Gemini API,Generate content output token count Gemini 2.5 Pro short output text,26941,requests,0.26941
2026-01-20 20:00:00 UTC,2026-01-20 21:00:00 UTC,Gemini API,Generate content input token count Gemini 2.5 Pro short input text,13069,requests,0.016336
2026-01-20 20:00:00 UTC,2026-01-20 21:00:00 UTC,Gemini API,Generate content input token count Gemini 2.5 Pro short input text,18781,requests,0.023476
2026-01-20 15:00:00 UTC,2026-01-20 16:00:00 UTC,Gemini API,Generate content output token count Gemini 2.5 Pro short output text,4482,requests,0.04482
2026-01-20 15:00:00 UTC,2026-01-20 16:00:00 UTC,Gemini API,Generate content input token count Gemini 2.5 Pro short input text,63098,requests,0.078872
2026-01-15 20:00:00 UTC,2026-01-15 21:00:00 UTC,Gemini API,Generate content output token count Gemini 2.5 Pro short output text,6234,requests,0.06234
2026-01-15 20:00:00 UTC,2026-01-15 21:00:00 UTC,Gemini API,Generate content cached input token count gemini 2.5 pro short input,4077,requests,0.000509
2026-01-15 20:00:00 UTC,2026-01-15 21:00:00 UTC,Gemini API,Generate content input token count Gemini 2.5 Pro short input text,602,requests,0.000752
2026-01-15 19:00:00 UTC,2026-01-15 20:00:00 UTC,Gemini API,Generate content input token count Gemini 2.5 Pro short input text,7689,requests,0.009611
2026-01-15 19:00:00 UTC,2026-01-15 20:00:00 UTC,Gemini API,Generate content cached input token count gemini 2.5 pro short input,20385,requests,0.002548
2026-01-15 19:00:00 UTC,2026-01-15 20:00:00 UTC,Gemini API,Generate content output token count Gemini 2.5 Pro short output text,36541,requests,0.36541
2026-01-12 15:00:00 UTC,2026-01-12 16:00:00 UTC,Gemini API,Generate content output token count Gemini 2.5 Pro short output text,6570,requests,0.0657
2026-01-12 15:00:00 UTC,2026-01-12 16:00:00 UTC,Gemini API,Generate content input token count Gemini 2.5 Pro short input text,57437,requests,0.071796
2026-01-05 18:00:00 UTC,2026-01-05 19:00:00 UTC,Gemini API,Generate content input token count Gemini 2.5 Pro short input text,61935,requests,0.077418
2026-01-05 18:00:00 UTC,2026-01-05 19:00:00 UTC,Gemini API,Generate content output token count Gemini 2.5 Pro short output text,3150,requests,0.0315
2025-12-24 04:00:00 UTC,2025-12-24 05:00:00 UTC,Gemini API,Generate content input token count Gemini 2.5 Pro short input text,76215,requests,0.095268
2025-12-24 04:00:00 UTC,2025-12-24 05:00:00 UTC,Gemini API,Generate content output token count Gemini 2.5 Pro short output text,20829,requests,0.20829
2025-12-24 03:00:00 UTC,2025-12-24 04:00:00 UTC,Gemini API,Generate content input token count Gemini 2.5 Pro short input text,78470,requests,0.098087
2025-12-24 03:00:00 UTC,2025-12-24 04:00:00 UTC,Gemini API,Generate content output token count Gemini 2.5 Pro short output text,9666,requests,0.09666
2025-12-17 23:00:00 UTC,2025-12-18 00:00:00 UTC,Gemini API,Generate content input token count Gemini 2.5 Pro short input text,9454,requests,0.011817
2025-12-17 23:00:00 UTC,2025-12-18 00:00:00 UTC,Gemini API,Generate content cached input token count gemini 2.5 pro short input,20390,requests,0.002548
2025-12-17 23:00:00 UTC,2025-12-18 00:00:00 UTC,Gemini API,Generate content output token count Gemini 2.5 Pro short output text,31339,requests,0.31339
2025-12-17 22:00:00 UTC,2025-12-17 23:00:00 UTC,Gemini API,Generate content output token count Gemini 2.5 Pro short output text,4253,requests,0.04253
2025-12-17 22:00:00 UTC,2025-12-17 23:00:00 UTC,Gemini API,Generate content input token count Gemini 2.5 Pro short input text,6087,requests,0.007608
2025-12-17 20:00:00 UTC,2025-12-17 21:00:00 UTC,Gemini API,Generate content output token count Gemini 2.5 Pro short output text,6564,requests,0.06564
2025-12-17 20:00:00 UTC,2025-12-17 21:00:00 UTC,Gemini API,Generate content input token count Gemini 2.5 Pro short input text,69940,requests,0.087425
2025-12-16 21:00:00 UTC,2025-12-16 22:00:00 UTC,Gemini API,Generate content input token count gemini 2.5 flash short input text,503,requests,0.00015
2025-12-16 21:00:00 UTC,2025-12-16 22:00:00 UTC,Gemini API,Generate content output token count gemini 2.5 flash short input text,1193,requests,0.002982
2025-12-16 19:00:00 UTC,2025-12-16 20:00:00 UTC,Gemini API,Generate content output token count gemini 2.5 flash short input text,1991,requests,0.004977
2025-12-16 19:00:00 UTC,2025-12-16 20:00:00 UTC,Gemini API,Generate content input token count gemini 2.5 flash short input text,485,requests,0.000145
2025-12-15 20:00:00 UTC,2025-12-15 21:00:00 UTC,Gemini API,Generate content output token count gemini 2.5 flash short input text,730,requests,0.001825
2025-12-15 20:00:00 UTC,2025-12-15 21:00:00 UTC,Gemini API,Generate content input token count gemini 2.5 flash short input text,555,requests,0.000166
2025-12-15 19:00:00 UTC,2025-12-15 20:00:00 UTC,Gemini API,Generate content output token count gemini 2.5 flash short input text,1854,requests,0.004635
2025-12-15 19:00:00 UTC,2025-12-15 20:00:00 UTC,Gemini API,Generate content input token count gemini 2.5 flash short input text,1108,requests,0.000332
2025-12-12 22:00:00 UTC,2025-12-12 23:00:00 UTC,Gemini API,Generate content input token count gemini 2.5 flash short input text,684,requests,0.000205
2025-12-12 22:00:00 UTC,2025-12-12 23:00:00 UTC,Gemini API,Generate content output token count gemini 2.5 flash short input text,2714,requests,0.006784
2025-12-12 22:00:00 UTC,2025-12-12 23:00:00 UTC,Gemini API,Generate content input token count gemini 2.5 flash short input text,1005,requests,0.000301
2025-12-12 15:00:00 UTC,2025-12-12 16:00:00 UTC,Gemini API,Generate content input token count gemini 2.5 flash short input text,584,requests,0.000175
2025-12-12 15:00:00 UTC,2025-12-12 16:00:00 UTC,Gemini API,Generate content output token count gemini 2.5 flash short input text,1285,requests,0.003212
2025-12-10 18:00:00 UTC,2025-12-10 19:00:00 UTC,Gemini API,Generate content output token count Gemini 2.5 Pro short output text,7019,requests,0.07019
2025-12-10 18:00:00 UTC,2025-12-10 19:00:00 UTC,Gemini API,Generate content input token count Gemini 2.5 Pro short input text,6547,requests,0.008183
2025-12-10 17:00:00 UTC,2025-12-10 18:00:00 UTC,Gemini API,Generate content output token count Gemini 2.5 Pro short output text,21420,requests,0.2142
2025-12-10 17:00:00 UTC,2025-12-10 18:00:00 UTC,Gemini API,Generate content input token count Gemini 2.5 Pro short input text,103381,requests,0.129224
2025-12-10 17:00:00 UTC,2025-12-10 18:00:00 UTC,Gemini API,Generate content output token count Gemini 2.5 Pro short output text,45846,requests,0.45846
2025-12-10 17:00:00 UTC,2025-12-10 18:00:00 UTC,Gemini API,Generate content output token count Gemini 2.5 Pro short output text,5961,requests,0.05961
2025-12-10 17:00:00 UTC,2025-12-10 18:00:00 UTC,Gemini API,Generate content input token count Gemini 2.5 Pro short input text,18772,requests,0.023465
2025-12-10 17:00:00 UTC,2025-12-10 18:00:00 UTC,Gemini API,Generate content input token count Gemini 2.5 Pro short input text,66191,requests,0.082738
2025-12-10 15:00:00 UTC,2025-12-10 16:00:00 UTC,Gemini API,Generate content input token count Gemini 2.5 Pro short input text,3148,requests,0.003935
2025-12-10 15:00:00 UTC,2025-12-10 16:00:00 UTC,Gemini API,Generate content output token count Gemini 2.5 Pro short output text,8479,requests,0.08479
2025-12-10 15:00:00 UTC,2025-12-10 16:00:00 UTC,Gemini API,Generate content output token count Gemini 2.5 Pro short output text,6832,requests,0.06832
2025-12-10 15:00:00 UTC,2025-12-10 16:00:00 UTC,Gemini API,Generate content output token count Gemini 2.5 Pro short output text,10168,requests,0.10168
2025-12-10 15:00:00 UTC,2025-12-10 16:00:00 UTC,Gemini API,Generate content input token count Gemini 2.5 Pro short input text,64464,requests,0.08058
2025-12-10 15:00:00 UTC,2025-12-10 16:00:00 UTC,Gemini API,Generate content input token count Gemini 2.5 Pro short input text,64464,requests,0.08058
2025-12-10 15:00:00 UTC,2025-12-10 16:00:00 UTC,Gemini API,Generate content input token count Gemini 2.5 Pro short input text,67612,requests,0.084515
2025-12-10 15:00:00 UTC,2025-12-10 16:00:00 UTC,Gemini API,Generate content output token count Gemini 2.5 Pro short output text,4463,requests,0.04463
2025-12-08 19:00:00 UTC,2025-12-08 20:00:00 UTC,Gemini API,Generate content input token count gemini 2.5 flash short input text,1532,requests,0.000459
2025-12-08 19:00:00 UTC,2025-12-08 20:00:00 UTC,Gemini API,Generate content output token count gemini 2.5 flash short input text,2740,requests,0.00685
2025-12-08 16:00:00 UTC,2025-12-08 17:00:00 UTC,Gemini API,Generate content output token count gemini 2.5 flash short input text,1052,requests,0.00263
2025-12-08 16:00:00 UTC,2025-12-08 17:00:00 UTC,Gemini API,Generate content input token count gemini 2.5 flash short input text,608,requests,0.000182
2025-12-05 22:00:00 UTC,2025-12-05 23:00:00 UTC,Gemini API,Generate content input token count gemini 2.5 flash short input text,987,requests,0.000296
2025-12-05 22:00:00 UTC,2025-12-05 23:00:00 UTC,Gemini API,Generate content output token count gemini 2.5 flash short input text,1476,requests,0.00369
2025-12-05 18:00:00 UTC,2025-12-05 19:00:00 UTC,Gemini API,Generate content output token count Gemini 2.5 Pro short output text,11053,requests,0.11053
2025-12-05 18:00:00 UTC,2025-12-05 19:00:00 UTC,Gemini API,Generate content input token count Gemini 2.5 Pro short input text,12504,requests,0.01563
2025-12-05 17:00:00 UTC,2025-12-05 18:00:00 UTC,Gemini API,Generate content output token count Gemini 2.5 Pro short output text,4692,requests,0.04692
2025-12-05 17:00:00 UTC,2025-12-05 18:00:00 UTC,Gemini API,Generate content input token count Gemini 2.5 Pro short input text,4781,requests,0.005976
2025-12-05 15:00:00 UTC,2025-12-05 16:00:00 UTC,Gemini API,Generate content output token count gemini 2.5 flash short input text,1968,requests,0.00492
2025-12-05 15:00:00 UTC,2025-12-05 16:00:00 UTC,Gemini API,Generate content input token count gemini 2.5 flash short input text,1153,requests,0.000345
2025-12-05 15:00:00 UTC,2025-12-05 16:00:00 UTC,Gemini API,Generate content output token count gemini 2.5 flash short input text,1923,requests,0.004807
2025-12-05 15:00:00 UTC,2025-12-05 16:00:00 UTC,Gemini API,Generate content input token count gemini 2.5 flash short input text,1240,requests,0.000372
2025-12-05 14:00:00 UTC,2025-12-05 15:00:00 UTC,Gemini API,Generate content input token count Gemini 2.5 Pro short input text,5378,requests,0.006722
2025-12-05 14:00:00 UTC,2025-12-05 15:00:00 UTC,Gemini API,Generate content output token count Gemini 2.5 Pro short output text,10479,requests,0.10479
2025-12-04 19:00:00 UTC,2025-12-04 20:00:00 UTC,Gemini API,Generate content output token count Gemini 2.5 Pro short output text,10518,requests,0.10518
2025-12-04 19:00:00 UTC,2025-12-04 20:00:00 UTC,Gemini API,Generate content output token count gemini 2.5 flash short input text,2545,requests,0.006362
2025-12-04 19:00:00 UTC,2025-12-04 20:00:00 UTC,Gemini API,Generate content input token count Gemini 2.5 Pro short input text,40042,requests,0.050052
2025-12-04 19:00:00 UTC,2025-12-04 20:00:00 UTC,Gemini API,Generate content input token count gemini 2.5 flash short input text,446,requests,0.000132
2025-12-04 19:00:00 UTC,2025-12-04 20:00:00 UTC,Gemini API,Generate content input token count Gemini 2.5 Pro short input text,1272,requests,0.00159
2025-12-04 19:00:00 UTC,2025-12-04 20:00:00 UTC,Gemini API,Generate content output token count Gemini 2.5 Pro short output text,4449,requests,0.04449
2025-12-04 18:00:00 UTC,2025-12-04 19:00:00 UTC,Gemini API,Generate content input token count gemini 2.5 flash short input text,669,requests,0.000199
2025-12-04 18:00:00 UTC,2025-12-04 19:00:00 UTC,Gemini API,Generate content input token count Gemini 2.5 Pro short input text,1272,requests,0.00159
2025-12-04 18:00:00 UTC,2025-12-04 19:00:00 UTC,Gemini API,Generate content output token count Gemini 2.5 Pro short output text,2929,requests,0.02929
2025-12-04 18:00:00 UTC,2025-12-04 19:00:00 UTC,Gemini API,Generate content output token count gemini 2.5 flash short input text,3913,requests,0.009782
2025-12-02 21:00:00 UTC,2025-12-02 22:00:00 UTC,Gemini API,Generate content input token count Gemini 2.5 Pro short input text,6951,requests,0.008688
2025-12-02 21:00:00 UTC,2025-12-02 22:00:00 UTC,Gemini API,Generate content output token count Gemini 2.5 Pro short output text,15740,requests,0.1574
2025-12-02 21:00:00 UTC,2025-12-02 22:00:00 UTC,Gemini API,Generate content input token count Gemini 2.5 Pro short input text,5040,requests,0.0063
2025-12-02 20:00:00 UTC,2025-12-02 21:00:00 UTC,Gemini API,Generate content output token count Gemini 2.5 Pro short output text,11782,requests,0.11782
2025-12-02 20:00:00 UTC,2025-12-02 21:00:00 UTC,Gemini API,Generate content input token count Gemini 2.5 Pro short input text,12380,requests,0.015475
2025-12-02 20:00:00 UTC,2025-12-02 21:00:00 UTC,Gemini API,Generate content input token count Gemini 2.5 Pro short input text,2476,requests,0.003095
2025-12-02 20:00:00 UTC,2025-12-02 21:00:00 UTC,Gemini API,Generate content output token count Gemini 2.5 Pro short output text,18147,requests,0.18147
2025-12-02 20:00:00 UTC,2025-12-02 21:00:00 UTC,Gemini API,Generate content input token count Gemini 2.5 Pro short input text,4996,requests,0.006245
2025-12-02 19:00:00 UTC,2025-12-02 20:00:00 UTC,Gemini API,Generate content input token count Gemini 2.5 Pro short input text,56507,requests,0.070633
2025-12-02 19:00:00 UTC,2025-12-02 20:00:00 UTC,Gemini API,Generate content output token count Gemini 2.5 Pro short output text,6840,requests,0.0684
2025-12-02 19:00:00 UTC,2025-12-02 20:00:00 UTC,Gemini API,Generate content input token count Gemini 2.5 Pro short input text,56507,requests,0.070633
2025-12-02 19:00:00 UTC,2025-12-02 20:00:00 UTC,Gemini API,Generate content output token count Gemini 2.5 Pro short output text,5792,requests,0.05792
2025-12-02 17:00:00 UTC,2025-12-02 18:00:00 UTC,Gemini API,Generate content input token count Gemini 2.5 Pro short input text,56774,requests,0.070967
2025-12-02 17:00:00 UTC,2025-12-02 18:00:00 UTC,Gemini API,Generate content output token count Gemini 2.5 Pro short output text,5411,requests,0.05411
2025-12-02 16:00:00 UTC,2025-12-02 17:00:00 UTC,Gemini API,Generate content output token count Gemini 2.5 Pro short output text,18919,requests,0.18919
2025-12-02 16:00:00 UTC,2025-12-02 17:00:00 UTC,Gemini API,Generate content input token count Gemini 2.5 Pro short input text,177414,requests,0.221767
2025-12-02 16:00:00 UTC,2025-12-02 17:00:00 UTC,Gemini API,Generate content cached input token count gemini 2.5 pro short input,53228,requests,0.006653
2025-12-02 16:00:00 UTC,2025-12-02 17:00:00 UTC,Gemini API,Generate content output token count Gemini 2.5 Pro short output text,10011,requests,0.10011
2025-12-02 16:00:00 UTC,2025-12-02 17:00:00 UTC,Gemini API,Generate content cached input token count gemini 2.5 pro short input,53228,requests,0.006653
2025-12-02 15:00:00 UTC,2025-12-02 16:00:00 UTC,Gemini API,Generate content input token count Gemini 2.5 Pro short input text,117094,requests,0.146367
2025-12-02 15:00:00 UTC,2025-12-02 16:00:00 UTC,Gemini API,Generate content cached input token count gemini 2.5 pro short input,53228,requests,0.006653
2025-12-02 15:00:00 UTC,2025-12-02 16:00:00 UTC,Gemini API,Generate content output token count Gemini 2.5 Pro short output text,18108,requests,0.18108
2025-12-02 14:00:00 UTC,2025-12-02 15:00:00 UTC,Gemini API,Generate content input token count Gemini 2.5 Pro short input text,56774,requests,0.070967
2025-12-02 14:00:00 UTC,2025-12-02 15:00:00 UTC,Gemini API,Generate content output token count Gemini 2.5 Pro short output text,6627,requests,0.06627
2025-12-02 13:00:00 UTC,2025-12-02 14:00:00 UTC,Gemini API,Generate content input token count Gemini 2.5 Pro short input text,59284,requests,0.074105
2025-12-02 13:00:00 UTC,2025-12-02 14:00:00 UTC,Gemini API,Generate content output token count Gemini 2.5 Pro short output text,6273,requests,0.06273
2025-11-26 21:00:00 UTC,2025-11-26 22:00:00 UTC,Gemini API,Generate content cached input token count gemini 2.5 pro short input,184257,requests,0.023032
2025-11-26 20:00:00 UTC,2025-11-26 21:00:00 UTC,Gemini API,Generate content cached input token count gemini 2.5 pro short input,61419,requests,0.007677
2025-11-26 16:00:00 UTC,2025-11-26 17:00:00 UTC,Gemini API,Generate content cached input token count gemini 2.5 pro short input,131030,requests,0.016378
2025-11-25 14:00:00 UTC,2025-11-25 15:00:00 UTC,Gemini API,Generate content cached input token count gemini 2.5 pro short input,4076,requests,0.000509
2025-11-21 17:00:00 UTC,2025-11-21 18:00:00 UTC,Gemini API,Generate content cached input token count gemini 2.5 pro short input,8162,requests,0.00102
2025-11-21 17:00:00 UTC,2025-11-21 18:00:00 UTC,Gemini API,Generate content cached input token count gemini 2.5 pro short input,8162,requests,0.00102
2025-11-19 14:00:00 UTC,2025-11-19 15:00:00 UTC,Gemini API,Generate content input token count Gemini 2.5 Pro short input text,13710,requests,0.017137
2025-11-19 14:00:00 UTC,2025-11-19 15:00:00 UTC,Gemini API,Generate content output token count Gemini 2.5 Pro short output text,6959,requests,0.06959
2025-11-19 13:00:00 UTC,2025-11-19 14:00:00 UTC,Gemini API,Generate content output token count Gemini 2.5 Pro short output text,5474,requests,0.05474
2025-11-19 13:00:00 UTC,2025-11-19 14:00:00 UTC,Gemini API,Generate content output token count gemini 2.5 flash short input text,29016,requests,0.07254
2025-11-19 13:00:00 UTC,2025-11-19 14:00:00 UTC,Gemini API,Generate content input token count Gemini 2.5 Pro short input text,9152,requests,0.01144
2025-11-19 13:00:00 UTC,2025-11-19 14:00:00 UTC,Gemini API,Generate content input token count gemini 2.5 flash short input text,78781,requests,0.023634
2025-11-18 18:00:00 UTC,2025-11-18 19:00:00 UTC,Gemini API,Generate content output token count gemini 2.5 flash short input text,35,requests,8.7e-05
2025-11-18 18:00:00 UTC,2025-11-18 19:00:00 UTC,Gemini API,Generate content output token count gemini 2.5 flash short input text,645,requests,0.001612
2025-11-18 18:00:00 UTC,2025-11-18 19:00:00 UTC,Gemini API,Generate content input token count gemini 2.5 flash short input text,6,requests,1e-06
2025-11-18 18:00:00 UTC,2025-11-18 19:00:00 UTC,Gemini API,Generate content input token count gemini 2.5 flash short input text,2,requests,0
2025-11-18 17:00:00 UTC,2025-11-18 18:00:00 UTC,Gemini API,Generate content input token count Gemini 2.5 Pro short input text,3349,requests,0.004186
2025-11-18 17:00:00 UTC,2025-11-18 18:00:00 UTC,Gemini API,Generate content output token count Gemini 2.5 Pro short output text,3450,requests,0.0345
2025-11-18 17:00:00 UTC,2025-11-18 18:00:00 UTC,Gemini API,Generate content input token count gemini 2.5 flash long input text,209405,requests,0.062821
2025-11-17 20:00:00 UTC,2025-11-17 21:00:00 UTC,Gemini API,Generate content input token count gemini 2.5 flash short input text,127678,requests,0.038302
2025-11-17 20:00:00 UTC,2025-11-17 21:00:00 UTC,Gemini API,Generate content output token count gemini 2.5 flash short input text,29463,requests,0.073657
2025-11-17 20:00:00 UTC,2025-11-17 21:00:00 UTC,Gemini API,Generate content input token count gemini 2.5 flash short input text,92193,requests,0.027655
2025-11-17 20:00:00 UTC,2025-11-17 21:00:00 UTC,Gemini API,Generate content output token count gemini 2.5 flash short input text,26113,requests,0.065282
2025-11-17 20:00:00 UTC,2025-11-17 21:00:00 UTC,Gemini API,Generate content input token count gemini 2.5 flash short input text,129737,requests,0.03892
2025-11-17 20:00:00 UTC,2025-11-17 21:00:00 UTC,Gemini API,Generate content output token count gemini 2.5 flash short input text,33510,requests,0.083773
2025-11-17 19:00:00 UTC,2025-11-17 20:00:00 UTC,Gemini API,Generate content output token count gemini 2.5 flash short input text,9008,requests,0.022518
2025-11-17 19:00:00 UTC,2025-11-17 20:00:00 UTC,Gemini API,Generate content output token count gemini 2.5 flash short input text,14337,requests,0.035837
2025-11-17 19:00:00 UTC,2025-11-17 20:00:00 UTC,Gemini API,Generate content input token count gemini 2.5 flash short input text,91514,requests,0.027442
2025-11-17 19:00:00 UTC,2025-11-17 20:00:00 UTC,Gemini API,Generate content output token count Gemini 2.5 Pro short output text,13119,requests,0.13119
2025-11-17 19:00:00 UTC,2025-11-17 20:00:00 UTC,Gemini API,Generate content output token count gemini 2.5 flash short input text,5110,requests,0.012772
2025-11-17 19:00:00 UTC,2025-11-17 20:00:00 UTC,Gemini API,Generate content input token count gemini 2.5 flash short input text,33175,requests,0.00995
2025-11-17 19:00:00 UTC,2025-11-17 20:00:00 UTC,Gemini API,Generate content input token count gemini 2.5 flash short input text,86691,requests,0.026004
2025-11-17 19:00:00 UTC,2025-11-17 20:00:00 UTC,Gemini API,Generate content input token count Gemini 2.5 Pro short input text,5748,requests,0.007184
2025-11-17 19:00:00 UTC,2025-11-17 20:00:00 UTC,Gemini API,Generate content output token count gemini 2.5 flash short input text,1022,requests,0.002555
2025-11-17 18:00:00 UTC,2025-11-17 19:00:00 UTC,Gemini API,Generate content output token count gemini 2.5 flash short input text,4088,requests,0.010218
2025-11-17 18:00:00 UTC,2025-11-17 19:00:00 UTC,Gemini API,Generate content input token count gemini 2.5 flash short input text,353471,requests,0.106028
2025-11-17 18:00:00 UTC,2025-11-17 19:00:00 UTC,Gemini API,Generate content input token count gemini 2.5 flash short input text,92759,requests,0.027824
2025-11-17 18:00:00 UTC,2025-11-17 19:00:00 UTC,Gemini API,Generate content output token count gemini 2.5 flash short input text,31682,requests,0.07919
2025-11-17 18:00:00 UTC,2025-11-17 19:00:00 UTC,Gemini API,Generate content input token count gemini 2.5 flash short input text,179950,requests,0.053985
2025-11-17 18:00:00 UTC,2025-11-17 19:00:00 UTC,Gemini API,Generate content cached input token count gemini 2.5 flash input short text,89067,requests,0.002672
2025-11-17 14:00:00 UTC,2025-11-17 15:00:00 UTC,Gemini API,Generate content input token count Gemini 2.5 Pro short input text,1463,requests,0.001828
2025-11-17 14:00:00 UTC,2025-11-17 15:00:00 UTC,Gemini API,Generate content input token count Gemini 2.5 Pro short input text,27607,requests,0.034501
2025-11-17 14:00:00 UTC,2025-11-17 15:00:00 UTC,Gemini API,Generate content input token count Gemini 2.5 Pro short input text,25223,requests,0.031521
2025-11-17 14:00:00 UTC,2025-11-17 15:00:00 UTC,Gemini API,Generate content output token count Gemini 2.5 Pro short output text,11313,requests,0.11313
2025-11-17 14:00:00 UTC,2025-11-17 15:00:00 UTC,Gemini API,Generate content output token count Gemini 2.5 Pro short output text,8985,requests,0.08985
2025-11-17 14:00:00 UTC,2025-11-17 15:00:00 UTC,Gemini API,Generate content input token count Gemini 2.5 Pro short input text,3064,requests,0.003829
2025-11-17 14:00:00 UTC,2025-11-17 15:00:00 UTC,Gemini API,Generate content output token count Gemini 2.5 Pro short output text,67037,requests,0.67037
2025-11-17 14:00:00 UTC,2025-11-17 15:00:00 UTC,Gemini API,Generate content output token count Gemini 2.5 Pro short output text,55381,requests,0.55381
2025-11-17 14:00:00 UTC,2025-11-17 15:00:00 UTC,Gemini API,Generate content output token count Gemini 2.5 Pro short output text,63187,requests,0.63187
2025-11-17 14:00:00 UTC,2025-11-17 15:00:00 UTC,Gemini API,Generate content input token count Gemini 2.5 Pro short input text,18042,requests,0.02255
2025-11-17 13:00:00 UTC,2025-11-17 14:00:00 UTC,Gemini API,Generate content output token count Gemini 2.5 Pro short output text,7927,requests,0.07927
2025-11-17 13:00:00 UTC,2025-11-17 14:00:00 UTC,Gemini API,Generate content input token count Gemini 2.5 Pro short input text,2752,requests,0.00344
2025-11-17 13:00:00 UTC,2025-11-17 14:00:00 UTC,Gemini API,Generate content input token count Gemini 2.5 Pro short input text,2914,requests,0.003642
2025-11-17 13:00:00 UTC,2025-11-17 14:00:00 UTC,Gemini API,Generate content output token count Gemini 2.5 Pro short output text,4489,requests,0.04489
2025-11-14 23:00:00 UTC,2025-11-15 00:00:00 UTC,Gemini API,Generate content output token count Gemini 2.5 Pro short output text,18777,requests,0.18777
2025-11-14 23:00:00 UTC,2025-11-15 00:00:00 UTC,Gemini API,Generate content input token count Gemini 2.5 Pro short input text,2752,requests,0.00344
2025-11-14 23:00:00 UTC,2025-11-15 00:00:00 UTC,Gemini API,Generate content output token count Gemini 2.5 Pro short output text,5008,requests,0.05008
2025-11-14 23:00:00 UTC,2025-11-15 00:00:00 UTC,Gemini API,Generate content input token count Gemini 2.5 Pro short input text,16512,requests,0.02064
2025-11-14 23:00:00 UTC,2025-11-15 00:00:00 UTC,Gemini API,Generate content output token count Gemini 2.5 Pro short output text,27110,requests,0.2711
2025-11-14 23:00:00 UTC,2025-11-15 00:00:00 UTC,Gemini API,Generate content input token count Gemini 2.5 Pro short input text,9632,requests,0.01204
2025-11-14 23:00:00 UTC,2025-11-15 00:00:00 UTC,Gemini API,Generate content input token count Gemini 2.5 Pro short input text,13760,requests,0.0172
2025-11-14 23:00:00 UTC,2025-11-15 00:00:00 UTC,Gemini API,Generate content output token count Gemini 2.5 Pro short output text,27789,requests,0.27789
2025-11-14 22:00:00 UTC,2025-11-14 23:00:00 UTC,Gemini API,Generate content output token count Gemini 2.5 Pro short output text,25063,requests,0.25063
2025-11-14 22:00:00 UTC,2025-11-14 23:00:00 UTC,Gemini API,Generate content input token count Gemini 2.5 Pro short input text,11008,requests,0.01376
2025-11-14 20:00:00 UTC,2025-11-14 21:00:00 UTC,Gemini API,Generate content input token count Gemini 2.5 Pro short input text,21355,requests,0.026691
2025-11-14 20:00:00 UTC,2025-11-14 21:00:00 UTC,Gemini API,Generate content output token count Gemini 2.5 Pro short output text,9198,requests,0.09198
2025-11-14 20:00:00 UTC,2025-11-14 21:00:00 UTC,Gemini API,Generate content input token count Gemini 2.5 Pro short input text,2445,requests,0.003056
2025-11-14 20:00:00 UTC,2025-11-14 21:00:00 UTC,Gemini API,Generate content output token count Gemini 2.5 Pro short output text,5134,requests,0.05134
2025-11-14 20:00:00 UTC,2025-11-14 21:00:00 UTC,Gemini API,Generate content input token count Gemini 2.5 Pro short input text,35085,requests,0.043852
2025-11-14 20:00:00 UTC,2025-11-14 21:00:00 UTC,Gemini API,Generate content output token count Gemini 2.5 Pro short output text,8687,requests,0.08687
2025-11-14 20:00:00 UTC,2025-11-14 21:00:00 UTC,Gemini API,Generate content output token count Gemini 2.5 Pro short output text,9740,requests,0.0974
2025-11-14 20:00:00 UTC,2025-11-14 21:00:00 UTC,Gemini API,Generate content input token count Gemini 2.5 Pro short input text,25682,requests,0.032098
2025-11-14 19:00:00 UTC,2025-11-14 20:00:00 UTC,Gemini API,Generate content input token count Gemini 2.5 Pro short input text,913,requests,0.001141
2025-11-14 19:00:00 UTC,2025-11-14 20:00:00 UTC,Gemini API,Generate content input token count gemini 2.5 flash short input text,2505,requests,0.00075
2025-11-14 19:00:00 UTC,2025-11-14 20:00:00 UTC,Gemini API,Generate content output token count Gemini 2.5 Pro short output text,3519,requests,0.03519
2025-11-14 19:00:00 UTC,2025-11-14 20:00:00 UTC,Gemini API,Generate content output token count gemini 2.5 flash short input text,14347,requests,0.035867
2025-11-14 18:00:00 UTC,2025-11-14 19:00:00 UTC,Gemini API,Generate content output token count gemini 2.5 flash short input text,6598,requests,0.016495
2025-11-14 18:00:00 UTC,2025-11-14 19:00:00 UTC,Gemini API,Generate content output token count Gemini 2.5 Pro short output text,5792,requests,0.05792
2025-11-14 18:00:00 UTC,2025-11-14 19:00:00 UTC,Gemini API,Generate content input token count Gemini 2.5 Pro short input text,6759,requests,0.008448
2025-11-14 18:00:00 UTC,2025-11-14 19:00:00 UTC,Gemini API,Generate content input token count gemini 2.5 flash short input text,18034,requests,0.005409
2025-11-14 18:00:00 UTC,2025-11-14 19:00:00 UTC,Gemini API,Generate content output token count gemini 2.5 flash short input text,30277,requests,0.075691
2025-11-14 18:00:00 UTC,2025-11-14 19:00:00 UTC,Gemini API,Generate content output token count Gemini 2.5 Pro short output text,6738,requests,0.06738
2025-11-14 18:00:00 UTC,2025-11-14 19:00:00 UTC,Gemini API,Generate content input token count gemini 2.5 flash short input text,17825,requests,0.005347
2025-11-14 18:00:00 UTC,2025-11-14 19:00:00 UTC,Gemini API,Generate content input token count Gemini 2.5 Pro short input text,7686,requests,0.009606
2025-11-14 18:00:00 UTC,2025-11-14 19:00:00 UTC,Gemini API,Generate content input token count gemini 2.5 flash short input text,4105,requests,0.00123
2025-11-13 19:00:00 UTC,2025-11-13 20:00:00 UTC,Gemini API,Generate content input token count Gemini 2.5 Pro short input text,3843,requests,0.004803
2025-11-13 19:00:00 UTC,2025-11-13 20:00:00 UTC,Gemini API,Generate content output token count Gemini 2.5 Pro short output text,2808,requests,0.02808
2025-11-13 18:00:00 UTC,2025-11-13 19:00:00 UTC,Gemini API,Generate content output token count gemini 2.5 flash short input text,16782,requests,0.041955
2025-11-13 18:00:00 UTC,2025-11-13 19:00:00 UTC,Gemini API,Generate content input token count Gemini 2.5 Pro short input text,10951,requests,0.013688
2025-11-13 18:00:00 UTC,2025-11-13 19:00:00 UTC,Gemini API,Generate content output token count Gemini 2.5 Pro short output text,9600,requests,0.096
2025-11-13 18:00:00 UTC,2025-11-13 19:00:00 UTC,Gemini API,Generate content input token count gemini 2.5 flash short input text,78735,requests,0.02362
2025-11-11 19:00:00 UTC,2025-11-11 20:00:00 UTC,Gemini API,Generate content input token count Gemini 2.5 Pro short input text,720,requests,0.0009
2025-11-11 19:00:00 UTC,2025-11-11 20:00:00 UTC,Gemini API,Generate content output token count Gemini 2.5 Pro short output text,3307,requests,0.03307
2025-11-11 15:00:00 UTC,2025-11-11 16:00:00 UTC,Gemini API,Generate content input token count gemini 2.5 flash short input text,88163,requests,0.026448
2025-11-11 15:00:00 UTC,2025-11-11 16:00:00 UTC,Gemini API,Generate content output token count gemini 2.5 flash short input text,65534,requests,0.163835
2025-11-10 22:00:00 UTC,2025-11-10 23:00:00 UTC,Gemini API,Generate content input token count Gemini 2.5 Pro short input text,677,requests,0.000846
2025-11-10 22:00:00 UTC,2025-11-10 23:00:00 UTC,Gemini API,Generate content output token count Gemini 2.5 Pro short output text,3102,requests,0.03102
2025-11-10 22:00:00 UTC,2025-11-10 23:00:00 UTC,Gemini API,Generate content input token count Gemini 2.5 Pro short input text,1247,requests,0.001558
2025-11-10 22:00:00 UTC,2025-11-10 23:00:00 UTC,Gemini API,Generate content output token count Gemini 2.5 Pro short output text,3000,requests,0.03
2025-11-10 17:00:00 UTC,2025-11-10 18:00:00 UTC,Gemini API,Generate content input token count Gemini 2.5 Pro short input text,732,requests,0.000915
2025-11-10 17:00:00 UTC,2025-11-10 18:00:00 UTC,Gemini API,Generate content output token count Gemini 2.5 Pro short output text,3061,requests,0.03061
2025-11-10 16:00:00 UTC,2025-11-10 17:00:00 UTC,Gemini API,Generate content input token count Gemini 2.5 Pro short input text,820,requests,0.001025
2025-11-10 16:00:00 UTC,2025-11-10 17:00:00 UTC,Gemini API,Generate content output token count Gemini 2.5 Pro short output text,2612,requests,0.02612
2025-11-04 23:00:00 UTC,2025-11-05 00:00:00 UTC,Gemini API,Generate content output token count Gemini 2.5 Pro short output text,14576,requests,0.14576
2025-11-04 23:00:00 UTC,2025-11-05 00:00:00 UTC,Gemini API,Generate content input token count gemini 2.5 flash short input text,251795,requests,0.075538
2025-11-04 23:00:00 UTC,2025-11-05 00:00:00 UTC,Gemini API,Generate content input token count Gemini 2.5 Pro short input text,15336,requests,0.01917
2025-11-04 23:00:00 UTC,2025-11-05 00:00:00 UTC,Gemini API,Generate content output token count gemini 2.5 flash short input text,71493,requests,0.178732
2025-11-04 23:00:00 UTC,2025-11-05 00:00:00 UTC,Gemini API,Generate content input token count Gemini 2.5 Pro short input text,731,requests,0.000913
2025-11-04 20:00:00 UTC,2025-11-04 21:00:00 UTC,Gemini API,Generate content output token count Gemini 2.5 Pro short output text,3307,requests,0.03307
2025-11-04 20:00:00 UTC,2025-11-04 21:00:00 UTC,Gemini API,Generate content input token count Gemini 2.5 Pro short input text,590,requests,0.000737
2025-11-04 13:00:00 UTC,2025-11-04 14:00:00 UTC,Gemini API,Generate content output token count gemini 2.5 flash short input text,7996,requests,0.01999
2025-11-04 13:00:00 UTC,2025-11-04 14:00:00 UTC,Gemini API,Generate content input token count gemini 2.5 flash short input text,1076,requests,0.000322
2025-11-04 00:00:00 UTC,2025-11-04 01:00:00 UTC,Gemini API,Generate content input token count gemini 2.5 flash short input text,1137,requests,0.000341
2025-11-04 00:00:00 UTC,2025-11-04 01:00:00 UTC,Gemini API,Generate content output token count gemini 2.5 flash short input text,3998,requests,0.009995
2025-11-03 21:00:00 UTC,2025-11-03 22:00:00 UTC,Gemini API,Generate content input token count Gemini 2.5 Pro short input text,576,requests,0.00072
2025-11-03 21:00:00 UTC,2025-11-03 22:00:00 UTC,Gemini API,Generate content input token count Gemini 2.5 Pro short input text,1445,requests,0.001806
2025-11-03 21:00:00 UTC,2025-11-03 22:00:00 UTC,Gemini API,Generate content output token count Gemini 2.5 Pro short output text,5144,requests,0.05144
2025-11-03 21:00:00 UTC,2025-11-03 22:00:00 UTC,Gemini API,Generate content input token count gemini 2.5 flash short input text,563,requests,0.000168
2025-11-03 21:00:00 UTC,2025-11-03 22:00:00 UTC,Gemini API,Generate content output token count gemini 2.5 flash short input text,2281,requests,0.005702
2025-11-03 21:00:00 UTC,2025-11-03 22:00:00 UTC,Gemini API,Generate content output token count Gemini 2.5 Pro short output text,2118,requests,0.02118
2025-11-03 20:00:00 UTC,2025-11-03 21:00:00 UTC,Gemini API,Generate content input token count Gemini 2.5 Pro short input text,979,requests,0.001223
2025-11-03 20:00:00 UTC,2025-11-03 21:00:00 UTC,Gemini API,Generate content output token count Gemini 2.5 Pro short output text,4179,requests,0.04179
2025-11-03 17:00:00 UTC,2025-11-03 18:00:00 UTC,Gemini API,Generate content output token count Gemini 2.5 Pro short output text,9732,requests,0.09732
2025-11-03 17:00:00 UTC,2025-11-03 18:00:00 UTC,Gemini API,Generate content input token count Gemini 2.5 Pro short input text,3089,requests,0.003861
2025-11-03 16:00:00 UTC,2025-11-03 17:00:00 UTC,Gemini API,Generate content output token count Gemini 2.5 Pro short output text,2395,requests,0.02395
2025-11-03 16:00:00 UTC,2025-11-03 17:00:00 UTC,Gemini API,Generate content output token count gemini 2.5 flash short input text,4810,requests,0.012024
2025-11-03 16:00:00 UTC,2025-11-03 17:00:00 UTC,Gemini API,Generate content output token count gemini 2.5 flash short input text,1734,requests,0.004335
2025-11-03 16:00:00 UTC,2025-11-03 17:00:00 UTC,Gemini API,Generate content input token count gemini 2.5 flash short input text,974,requests,0.00029
2025-11-03 16:00:00 UTC,2025-11-03 17:00:00 UTC,Gemini API,Generate content input token count Gemini 2.5 Pro short input text,582,requests,0.000727
2025-11-03 16:00:00 UTC,2025-11-03 17:00:00 UTC,Gemini API,Generate content input token count gemini 2.5 flash short input text,362,requests,0.000108
2025-11-03 15:00:00 UTC,2025-11-03 16:00:00 UTC,Gemini API,Generate content output token count Gemini 2.5 Pro short output text,3013,requests,0.03013
2025-11-03 15:00:00 UTC,2025-11-03 16:00:00 UTC,Gemini API,Generate content input token count Gemini 2.5 Pro short input text,880,requests,0.0011
2025-11-03 13:00:00 UTC,2025-11-03 14:00:00 UTC,Gemini API,Generate_content_input_token_count_gemini_robotics_ER_1.5_short_input_text,420,requests,0.000125
2025-11-03 13:00:00 UTC,2025-11-03 14:00:00 UTC,Gemini API,Generate_content_output_token_count_gemini_robotics_ER_1.5_short_output_text,2682,requests,0.006705
2025-10-30 21:00:00 UTC,2025-10-30 22:00:00 UTC,Gemini API,Generate_content_input_token_count_gemini_robotics_ER_1.5_short_input_text,224,requests,6.7e-05
2025-10-30 21:00:00 UTC,2025-10-30 22:00:00 UTC,Gemini API,Generate_content_output_token_count_gemini_robotics_ER_1.5_short_output_text,1537,requests,0.003842
2025-10-30 20:00:00 UTC,2025-10-30 21:00:00 UTC,Gemini API,Generate content input token count Gemini 2.5 Pro short input text,4271,requests,0.005338
2025-10-30 20:00:00 UTC,2025-10-30 21:00:00 UTC,Gemini API,Generate content output token count Gemini 2.5 Pro short output text,4503,requests,0.04503
2025-10-29 16:00:00 UTC,2025-10-29 17:00:00 UTC,Gemini API,Generate content input token count Gemini 2.5 Pro short input text,1844,requests,0.002305
2025-10-29 16:00:00 UTC,2025-10-29 17:00:00 UTC,Gemini API,Generate content output token count Gemini 2.5 Pro short output text,2581,requests,0.02581
2025-10-29 14:00:00 UTC,2025-10-29 15:00:00 UTC,Gemini API,Generate content output token count Gemini 2.5 Pro short output text,2444,requests,0.02444
2025-10-29 14:00:00 UTC,2025-10-29 15:00:00 UTC,Gemini API,Generate content input token count Gemini 2.5 Pro short input text,593,requests,0.000741
2025-10-29 01:00:00 UTC,2025-10-29 02:00:00 UTC,Gemini API,Generate content input token count Gemini 2.5 Pro short input text,4064,requests,0.00508
2025-10-29 01:00:00 UTC,2025-10-29 02:00:00 UTC,Gemini API,Generate content output token count Gemini 2.5 Pro short output text,2932,requests,0.02932
2025-10-29 01:00:00 UTC,2025-10-29 02:00:00 UTC,Gemini API,Generate content input token count Gemini 2.5 Pro short input text,4491,requests,0.005613
2025-10-29 01:00:00 UTC,2025-10-29 02:00:00 UTC,Gemini API,Generate content output token count Gemini 2.5 Pro short output text,4493,requests,0.04493
2025-10-28 19:00:00 UTC,2025-10-28 20:00:00 UTC,Gemini API,Generate content output token count Gemini 2.5 Pro short output text,2561,requests,0.02561
2025-10-28 19:00:00 UTC,2025-10-28 20:00:00 UTC,Gemini API,Generate content input token count Gemini 2.5 Pro short input text,665,requests,0.000831
2025-10-28 17:00:00 UTC,2025-10-28 18:00:00 UTC,Gemini API,Generate content input token count gemini 2.5 flash short input text,70305,requests,0.021091
2025-10-28 17:00:00 UTC,2025-10-28 18:00:00 UTC,Gemini API,Generate content output token count Gemini 2.5 Pro short output text,2789,requests,0.02789
2025-10-28 17:00:00 UTC,2025-10-28 18:00:00 UTC,Gemini API,Generate content input token count Gemini 2.5 Pro short input text,4070,requests,0.005087
2025-10-28 17:00:00 UTC,2025-10-28 18:00:00 UTC,Gemini API,Generate content output token count gemini 2.5 flash short input text,17414,requests,0.043535
2025-10-28 15:00:00 UTC,2025-10-28 16:00:00 UTC,Gemini API,Generate content output token count Gemini 2.5 Pro short output text,3253,requests,0.03253
2025-10-28 15:00:00 UTC,2025-10-28 16:00:00 UTC,Gemini API,Generate content input token count Gemini 2.5 Pro short input text,945,requests,0.001181
2025-10-28 13:00:00 UTC,2025-10-28 14:00:00 UTC,Gemini API,Generate content input token count Gemini 2.5 Pro short input text,1038,requests,0.001297
2025-10-28 13:00:00 UTC,2025-10-28 14:00:00 UTC,Gemini API,Generate content output token count Gemini 2.5 Pro short output text,2469,requests,0.02469
2025-10-27 18:00:00 UTC,2025-10-27 19:00:00 UTC,Gemini API,Generate content input token count gemini 2.5 flash short input text,85229,requests,0.025568
2025-10-27 18:00:00 UTC,2025-10-27 19:00:00 UTC,Gemini API,Generate content output token count gemini 2.5 flash short input text,36002,requests,0.090004
2025-10-27 14:00:00 UTC,2025-10-27 15:00:00 UTC,Gemini API,Generate content input token count Gemini 2.5 Pro short input text,697,requests,0.000871
2025-10-27 14:00:00 UTC,2025-10-27 15:00:00 UTC,Gemini API,Generate content output token count Gemini 2.5 Pro short output text,4016,requests,0.04016
2025-10-25 00:00:00 UTC,2025-10-25 01:00:00 UTC,Gemini API,Generate content input token count gemini 2.5 flash short input text,840,requests,0.000252
2025-10-25 00:00:00 UTC,2025-10-25 01:00:00 UTC,Gemini API,Generate content output token count gemini 2.5 flash short input text,4417,requests,0.011042
2025-10-24 21:00:00 UTC,2025-10-24 22:00:00 UTC,Gemini API,Generate content output token count gemini 2.5 flash short input text,43,requests,0.000107
2025-10-24 21:00:00 UTC,2025-10-24 22:00:00 UTC,Gemini API,Generate content input token count gemini 2.5 flash short input text,2,requests,0
2025-10-23 22:00:00 UTC,2025-10-23 23:00:00 UTC,Gemini API,Generate content output token count Gemini 2.5 Pro short output text,2521,requests,0.02521
2025-10-23 22:00:00 UTC,2025-10-23 23:00:00 UTC,Gemini API,Generate content input token count Gemini 2.5 Pro short input text,691,requests,0.000863
2025-10-22 17:00:00 UTC,2025-10-22 18:00:00 UTC,Gemini API,Generate content input token count gemini 2.5 flash short input text,12839,requests,0.003851
2025-10-22 17:00:00 UTC,2025-10-22 18:00:00 UTC,Gemini API,Generate content output token count gemini 2.5 flash short input text,7074,requests,0.017685
2025-10-22 15:00:00 UTC,2025-10-22 16:00:00 UTC,Gemini API,Generate content input token count gemini 2.5 flash short input text,85426,requests,0.025627
2025-10-22 15:00:00 UTC,2025-10-22 16:00:00 UTC,Gemini API,Generate content output token count gemini 2.5 flash short input text,20622,requests,0.051555
2025-10-22 15:00:00 UTC,2025-10-22 16:00:00 UTC,Gemini API,Generate content input token count Gemini 2.5 Pro short input text,19336,requests,0.024169
2025-10-22 15:00:00 UTC,2025-10-22 16:00:00 UTC,Gemini API,Generate content output token count Gemini 2.5 Pro short output text,10095,requests,0.10095
2025-10-22 14:00:00 UTC,2025-10-22 15:00:00 UTC,Gemini API,Generate content input token count Gemini 2.5 Pro short input text,589,requests,0.000736
2025-10-22 14:00:00 UTC,2025-10-22 15:00:00 UTC,Gemini API,Generate content output token count gemini 2.5 flash short input text,21849,requests,0.054622
2025-10-22 14:00:00 UTC,2025-10-22 15:00:00 UTC,Gemini API,Generate content output token count gemini 2.5 flash short input text,21077,requests,0.052692
2025-10-22 14:00:00 UTC,2025-10-22 15:00:00 UTC,Gemini API,Generate content output token count gemini 2.5 flash short input text,15581,requests,0.038952
2025-10-22 14:00:00 UTC,2025-10-22 15:00:00 UTC,Gemini API,Generate content output token count Gemini 2.5 Pro short output text,2665,requests,0.02665
2025-10-22 14:00:00 UTC,2025-10-22 15:00:00 UTC,Gemini API,Generate content input token count gemini 2.5 flash short input text,153268,requests,0.04598
2025-10-22 14:00:00 UTC,2025-10-22 15:00:00 UTC,Gemini API,Generate content input token count gemini 2.5 flash short input text,256104,requests,0.07683
2025-10-22 13:00:00 UTC,2025-10-22 14:00:00 UTC,Gemini API,Generate content output token count Gemini 2.5 Pro short output text,1995,requests,0.01995
2025-10-22 13:00:00 UTC,2025-10-22 14:00:00 UTC,Gemini API,Generate content output token count gemini 2.5 flash short input text,7535,requests,0.018837
2025-10-22 13:00:00 UTC,2025-10-22 14:00:00 UTC,Gemini API,Generate content input token count Gemini 2.5 Pro short input text,598,requests,0.000747
2025-10-22 13:00:00 UTC,2025-10-22 14:00:00 UTC,Gemini API,Generate content input token count gemini 2.5 flash short input text,85404,requests,0.025621
2025-10-21 22:00:00 UTC,2025-10-21 23:00:00 UTC,Gemini API,Generate content output token count Gemini 2.5 Pro short output text,3578,requests,0.03578
2025-10-21 22:00:00 UTC,2025-10-21 23:00:00 UTC,Gemini API,Generate content input token count Gemini 2.5 Pro short input text,778,requests,0.000972
2025-10-21 21:00:00 UTC,2025-10-21 22:00:00 UTC,Gemini API,Generate content input token count gemini 2.5 flash short input text,84421,requests,0.025326
2025-10-21 21:00:00 UTC,2025-10-21 22:00:00 UTC,Gemini API,Generate content output token count gemini 2.5 flash short input text,12067,requests,0.030167
2025-10-21 20:00:00 UTC,2025-10-21 21:00:00 UTC,Gemini API,Generate content input token count Gemini 2.5 Pro short input text,1419,requests,0.001773
2025-10-21 20:00:00 UTC,2025-10-21 21:00:00 UTC,Gemini API,Generate content output token count Gemini 2.5 Pro short output text,7464,requests,0.07464
2025-10-21 20:00:00 UTC,2025-10-21 21:00:00 UTC,Gemini API,Generate content output token count Gemini 2.5 Pro short output text,2341,requests,0.02341
2025-10-21 20:00:00 UTC,2025-10-21 21:00:00 UTC,Gemini API,Generate content input token count Gemini 2.5 Pro short input text,639,requests,0.000798
2025-10-21 20:00:00 UTC,2025-10-21 21:00:00 UTC,Gemini API,Generate content input token count Gemini 2.5 Pro short input text,735,requests,0.000918
2025-10-21 20:00:00 UTC,2025-10-21 21:00:00 UTC,Gemini API,Generate content output token count Gemini 2.5 Pro short output text,2910,requests,0.0291
2025-10-20 20:00:00 UTC,2025-10-20 21:00:00 UTC,Gemini API,Generate content output token count Gemini 2.5 Pro short output text,3795,requests,0.03795
2025-10-20 20:00:00 UTC,2025-10-20 21:00:00 UTC,Gemini API,Generate content input token count Gemini 2.5 Pro short input text,1204,requests,0.001505
2025-10-20 18:00:00 UTC,2025-10-20 19:00:00 UTC,Gemini API,Generate content output token count Gemini 2.5 Pro short output text,2446,requests,0.02446
2025-10-20 18:00:00 UTC,2025-10-20 19:00:00 UTC,Gemini API,Generate content input token count Gemini 2.5 Pro short input text,613,requests,0.000766
2025-10-20 16:00:00 UTC,2025-10-20 17:00:00 UTC,Gemini API,Generate content input token count Gemini 2.5 Pro short input text,743,requests,0.000928
2025-10-20 16:00:00 UTC,2025-10-20 17:00:00 UTC,Gemini API,Generate content output token count Gemini 2.5 Pro short output text,3292,requests,0.03292
2025-10-19 16:00:00 UTC,2025-10-19 17:00:00 UTC,Gemini API,Generate content output token count Gemini 2.5 Pro short output text,3127,requests,0.03127
2025-10-19 16:00:00 UTC,2025-10-19 17:00:00 UTC,Gemini API,Generate content cached content storage token hours gemini 2.5 pro,6208027,seconds,0.00776
2025-10-19 16:00:00 UTC,2025-10-19 17:00:00 UTC,Gemini API,Generate content input token count Gemini 2.5 Pro short input text,439,requests,0.000548
2025-10-19 16:00:00 UTC,2025-10-19 17:00:00 UTC,Gemini API,Generate content cached content storage token hours gemini 2.5 pro,4031998,seconds,0.005039
2025-10-19 16:00:00 UTC,2025-10-19 17:00:00 UTC,Gemini API,Generate content output token count gemini 2.5 flash short input text,15378,requests,0.038445
2025-10-19 16:00:00 UTC,2025-10-19 17:00:00 UTC,Gemini API,Generate content input token count gemini 2.5 flash short input text,80287,requests,0.024086
2025-10-19 15:00:00 UTC,2025-10-19 16:00:00 UTC,Gemini API,Generate content cached content storage token hours gemini 2.5 pro,15482263,seconds,0.019351
2025-10-19 15:00:00 UTC,2025-10-19 16:00:00 UTC,Gemini API,Generate content input token count Gemini 2.5 Pro input audio,714,requests,0.000892
2025-10-19 15:00:00 UTC,2025-10-19 16:00:00 UTC,Gemini API,Generate content input token count Gemini 2.5 Pro short input text,587013,requests,0.733728
2025-10-19 15:00:00 UTC,2025-10-19 16:00:00 UTC,Gemini API,Generate content output token count Gemini 2.5 Pro short output text,437532,requests,4.37532
2025-10-19 15:00:00 UTC,2025-10-19 16:00:00 UTC,Gemini API,Generate content output token count Gemini 2.5 Pro short output text,39123,requests,0.39123
2025-10-19 15:00:00 UTC,2025-10-19 16:00:00 UTC,Gemini API,Generate content output token count gemini 2.5 flash short output text non-thinking,10,requests,4e-06
2025-10-19 15:00:00 UTC,2025-10-19 16:00:00 UTC,Gemini API,Generate content cached content storage token hours gemini 2.5 pro,131036,seconds,0.000163
2025-10-19 15:00:00 UTC,2025-10-19 16:00:00 UTC,Gemini API,Generate content input token count Gemini 2.5 Pro short input text,48068,requests,0.060081
2025-10-19 15:00:00 UTC,2025-10-19 16:00:00 UTC,Gemini API,Generate content input token count Gemini 2.5 Pro input image,1290,requests,0.001611
2025-10-19 15:00:00 UTC,2025-10-19 16:00:00 UTC,Gemini API,Generate content input token count Gemini 2.5 Pro input image,2322,requests,0.002899
2025-10-19 15:00:00 UTC,2025-10-19 16:00:00 UTC,Gemini API,Generate content output token count Gemini 2.5 Pro short output text,1253,requests,0.01253
2025-10-19 15:00:00 UTC,2025-10-19 16:00:00 UTC,Gemini API,Generate content input token count Gemini 2.5 Pro input video,82845,requests,0.103544
2025-10-19 15:00:00 UTC,2025-10-19 16:00:00 UTC,Gemini API,GenerateContent text output token count for Gemini 2.0 Flash Lite,11,requests,3e-06
2025-10-19 15:00:00 UTC,2025-10-19 16:00:00 UTC,Gemini API,Generate content input token count Gemini 2.5 Pro input audio,10336,requests,0.012906
2025-10-19 15:00:00 UTC,2025-10-19 16:00:00 UTC,Gemini API,GenerateContent text input token count for Gemini 2.0 Flash Lite,4,requests,0
2025-10-19 15:00:00 UTC,2025-10-19 16:00:00 UTC,Gemini API,Generate content input token count gemini 2.5 flash lite short input text,2,requests,0
2025-10-19 15:00:00 UTC,2025-10-19 16:00:00 UTC,Gemini API,Generate content input token count Gemini 2.5 Pro input video,12624,requests,0.015778
2025-10-19 15:00:00 UTC,2025-10-19 16:00:00 UTC,Gemini API,GenerateContent text output token count for Gemini 2.0 Flash Lite,11,requests,3e-06
2025-10-19 15:00:00 UTC,2025-10-19 16:00:00 UTC,Gemini API,Generate content input token count Gemini 2.5 Pro short input text,2055,requests,0.002568
2025-10-19 14:00:00 UTC,2025-10-19 15:00:00 UTC,Gemini API,Generate content output token count Gemini 2.5 Pro short output text,1033789,requests,10.33789
2025-10-19 14:00:00 UTC,2025-10-19 15:00:00 UTC,Gemini API,Generate content output token count Gemini 2.5 Pro short output text,15863,requests,0.15863
2025-10-19 14:00:00 UTC,2025-10-19 15:00:00 UTC,Gemini API,Generate content cached content storage token hours gemini 2.5 pro,12576241,seconds,0.01572
2025-10-19 14:00:00 UTC,2025-10-19 15:00:00 UTC,Gemini API,Generate content input token count Gemini 2.5 Pro input audio,19431,requests,0.024277
2025-10-19 14:00:00 UTC,2025-10-19 15:00:00 UTC,Gemini API,Generate content input token count gemini 2.5 flash short input text,62700,requests,0.01881
2025-10-19 14:00:00 UTC,2025-10-19 15:00:00 UTC,Gemini API,Generate content input token count Gemini 2.5 Pro input audio,9294,requests,0.01161
2025-10-19 14:00:00 UTC,2025-10-19 15:00:00 UTC,Gemini API,Generate content input token count Gemini 2.5 Pro short input text,2467928,requests,3.084796
2025-10-19 14:00:00 UTC,2025-10-19 15:00:00 UTC,Gemini API,Generate content input token count Gemini 2.5 Pro input audio,4187,requests,0.005225
2025-10-19 14:00:00 UTC,2025-10-19 15:00:00 UTC,Gemini API,Generate content cached input token count gemini 2.5 pro short input,86155,requests,0.010769
2025-10-19 14:00:00 UTC,2025-10-19 15:00:00 UTC,Gemini API,Generate content output token count gemini 2.5 flash short input text,102,requests,0.000255
2025-10-19 14:00:00 UTC,2025-10-19 15:00:00 UTC,Gemini API,Generate content output token count Gemini 2.5 Pro short output text,866133,requests,8.66133
2025-10-19 14:00:00 UTC,2025-10-19 15:00:00 UTC,Gemini API,Number of queries with search tool.,1,requests,0
2025-10-19 14:00:00 UTC,2025-10-19 15:00:00 UTC,Gemini API,Generate content input token count gemini 2.5 flash short input text,2,requests,0
2025-10-19 14:00:00 UTC,2025-10-19 15:00:00 UTC,Gemini API,Generate content cached input token count gemini 2.5 pro short input,74512,requests,0.009313
2025-10-19 14:00:00 UTC,2025-10-19 15:00:00 UTC,Gemini API,Generate content cached input token count gemini 2.5 pro short input,73656,requests,0.009206
2025-10-19 14:00:00 UTC,2025-10-19 15:00:00 UTC,Gemini API,Generate content input token count Gemini 2.5 Pro input image,7224,requests,0.009022
2025-10-19 14:00:00 UTC,2025-10-19 15:00:00 UTC,Gemini API,Generate content cached content storage token hours gemini 2.5 pro,-4578493,seconds,-0.005724
2025-10-19 14:00:00 UTC,2025-10-19 15:00:00 UTC,Gemini API,Generate content input token count Gemini 2.5 Pro input audio,16807,requests,0.020982
2025-10-19 14:00:00 UTC,2025-10-19 15:00:00 UTC,Gemini API,Generate content input token count Gemini 2.5 Pro short input text,15254,requests,0.019066
2025-10-19 14:00:00 UTC,2025-10-19 15:00:00 UTC,Gemini API,Generate content input token count Gemini 2.5 Pro input image,16770,requests,0.020951
2025-10-19 14:00:00 UTC,2025-10-19 15:00:00 UTC,Gemini API,Generate content input token count gemini 2.5 flash input image,4644,requests,0.001393
2025-10-19 14:00:00 UTC,2025-10-19 15:00:00 UTC,Gemini API,Generate content input token count Gemini 2.5 Pro input image,23994,requests,0.029976
2025-10-19 14:00:00 UTC,2025-10-19 15:00:00 UTC,Gemini API,Generate content cached content storage token hours gemini 2.5 pro,3489933,seconds,0.004361
2025-10-19 14:00:00 UTC,2025-10-19 15:00:00 UTC,Gemini API,GenerateContent text output token count for Gemini 2.0 Flash Lite,11,requests,3e-06
